{
  "cpu_usage_percent": 2.34375,
  "ram_usage_percent": 87,
  "disk_usage_percent": 38.328294526585125
}